Section,Type,Content
Overview & Key Stats,Overview,"Tesla, Inc. is an American multinational automotive and clean energy company. It designs and manufactures electric vehicles (EVs), battery energy storage from home to grid-scale, solar panels and related products, and other associated services and products. Tesla is widely recognized for its innovation, direct-to-consumer sales model, and strong brand presence in the EV market."
Overview & Key Stats,Stat,Market Capitalization (Approx.): ~$600B - $800B
Overview & Key Stats,Stat,Annual Vehicle Deliveries (2023): 1.81 million units
Overview & Key Stats,Stat,Annual Revenue (2023): ~$96.77 billion
Overview & Key Stats,Stat,"Global Supercharger Network: Over 50,000 connectors"
Overview & Key Stats,Stat,Net Income (2023): ~$15.0 billion
SWOT Analysis: Strengths,Point,"Brand Recognition & Loyalty: Strong global brand, perceived as an innovator and leader in sustainable transport, fostering a loyal customer base."
SWOT Analysis: Strengths,Point,"Technological Leadership: Pioneering advancements in battery technology, AI (Full Self-Driving), software integration, and manufacturing processes (Gigafactories)."
SWOT Analysis: Strengths,Point,"Direct-to-Consumer Sales Model: Offers higher margins, direct customer feedback, and a consistent brand experience, bypassing traditional dealerships."
SWOT Analysis: Strengths,Point,Proprietary Charging Infrastructure: Extensive global Supercharger network provides a significant competitive advantage and convenience for Tesla owners.
SWOT Analysis: Strengths,Point,"Vertical Integration: Controls key aspects of its supply chain, from battery cell production to software development and energy solutions."
SWOT Analysis: Weaknesses,Point,"Reliance on Key Person (Elon Musk): The company's image and stock performance are heavily influenced by Elon Musk's public statements and diversified commitments, posing leadership and reputational risks."
SWOT Analysis: Weaknesses,Point,"Production & Quality Control Issues: Past challenges with scaling production, occasional quality inconsistencies, and build quality scrutiny compared to established luxury automakers."
SWOT Analysis: Weaknesses,Point,"Limited Model Range & Price Volatility: Fewer body styles and price points than competitors, and frequent price changes can impact consumer confidence and resale values."
SWOT Analysis: Weaknesses,Point,Regulatory Scrutiny on FSD: Ongoing regulatory and public concern regarding the safety and capabilities of its Full Self-Driving (FSD) software.
SWOT Analysis: Weaknesses,Point,"High Valuation: Often considered overvalued by traditional metrics, making its stock susceptible to significant corrections based on news or market sentiment."
SWOT Analysis: Opportunities,Point,"Geographic Expansion & Market Penetration: Entering new emerging markets and increasing market share in existing regions, particularly with more affordable models."
SWOT Analysis: Opportunities,Point,"Energy Generation & Storage Growth: Expanding the Powerwall, Powerpack, and Megapack offerings to capitalize on growing demand for renewable energy solutions and grid stability."
SWOT Analysis: Opportunities,Point,"AI & Robotics Diversification: Leveraging FSD AI capabilities and Dojo supercomputing for broader applications, including the Optimus humanoid robot and other AI services."
SWOT Analysis: Opportunities,Point,"Subscription & Software Services: Monetizing enhanced FSD, premium connectivity, and other potential software features through recurring revenue models."
SWOT Analysis: Opportunities,Point,"New Vehicle Segments: Introduction of lower-cost vehicles (e.g., Model 2/Redwood), Cybertruck scaling, and potential entry into commercial vehicles or robo-taxi fleets."
SWOT Analysis: Risks,Point,"Intensifying Competition: Increasing competition from traditional automakers with robust EV portfolios and new EV startups, potentially eroding market share."
SWOT Analysis: Risks,Point,"Regulatory & Political Headwinds: Changes in environmental regulations, trade policies, FSD liability laws, and geopolitical tensions impacting supply chains or market access."
SWOT Analysis: Risks,Point,"Supply Chain Vulnerabilities: Reliance on specific raw materials (e.g., lithium, nickel) and components, making it vulnerable to price fluctuations and supply disruptions."
SWOT Analysis: Risks,Point,"Reputational Damage: Risk of negative public perception due to product recalls, safety incidents, or controversial statements by leadership."
SWOT Analysis: Risks,Point,Economic Downturns: Reduced consumer spending on high-cost discretionary items like premium EVs during economic recessions or high interest rate environments.
Strategic Recommendations,Point,"Diversify Product Portfolio & Price Points: Accelerate development and launch of a more affordable compact EV (e.g., ~$25K model) and expand body style offerings to capture a broader market segment."
Strategic Recommendations,Point,"Enhance Quality Control & Customer Service: Invest significantly in manufacturing process refinement, post-sales support, and service center expansion to improve vehicle build quality and owner experience."
Strategic Recommendations,Point,"Strengthen Corporate Governance & Leadership: Empower a stronger executive team independent of Elon Musk, clarify leadership succession plans, and formalize communication protocols to mitigate key-person risk."
Strategic Recommendations,Point,"Accelerate Energy & AI Commercialization: Scale production and deployment of Megapack/Powerwall, and prioritize clear commercialization pathways for Optimus and broader AI applications beyond FSD."
Strategic Recommendations,Point,"Proactive Regulatory & Public Relations: Engage more transparently with regulators on FSD development and safety, and proactively manage public perception through clear, consistent communication."
Implications of Strategic Recommendations,Positive,"Increased Market Share & Revenue: Diversified product offerings and better customer experience will attract new buyers, especially in the mass market segment."
Implications of Strategic Recommendations,Positive,"Enhanced Brand Reputation & Trust: Improved quality, service, and transparent communication will bolster consumer confidence and loyalty, reducing reputational risks."
Implications of Strategic Recommendations,Positive,Reduced Operational & Key-Person Risk: Stronger leadership and diversified revenue streams will make Tesla more resilient to individual leader volatility and market fluctuations.
Implications of Strategic Recommendations,Positive,New Growth Vectors & Ecosystem Strength: Successful commercialization of energy and AI initiatives will open significant new revenue streams and solidify Tesla's position as a technology leader beyond automotive.
Implications of Strategic Recommendations,Negative,Loss of Market Leadership: Failure to diversify and improve quality will lead to market share erosion as competitors catch up with compelling EV offerings and superior service.
Implications of Strategic Recommendations,Negative,Stagnating Growth & Profitability: Reliance on existing models and unchecked leadership risks could cap growth potential and make profits vulnerable to competitive pressures and economic downturns.
Implications of Strategic Recommendations,Negative,"Increased Regulatory & Legal Exposure: Lack of proactive engagement on FSD and other areas could result in harsher regulations, fines, and legal battles, hindering innovation."
Implications of Strategic Recommendations,Negative,"Damaged Brand Image & Customer Attrition: Unresolved quality issues, poor service, and controversial leadership could alienate existing and potential customers, leading to brand erosion."
